﻿<?xml version="1.0" encoding="utf-8" ?>
<GenerationReport>
  <Wind>
    <WindGenerator>
      <Name>Wind[Offshore]</Name>
      <Generation>
        <Day>
          <Date>2017-01-01T00:00:00+00:00</Date>
          <Energy>100.368</Energy>
          <Price>20.148</Price>
        </Day>
        <Day>
          <Date>2017-01-02T00:00:00+00:00</Date>
          <Energy>90.843</Energy>
          <Price>25.516</Price>
        </Day>
        <Day>
          <Date>2017-01-03T00:00:00+00:00</Date>
          <Energy>87.843</Energy>
          <Price>22.015</Price>
        </Day>
      </Generation>
      <Location>Offshore</Location>
    </WindGenerator>
    <WindGenerator>
      <Name>Wind[Onshore]</Name>
      <Generation>
        <Day>
          <Date>2017-01-01T00:00:00+00:00</Date>
          <Energy>56.578</Energy>
          <Price>29.542</Price>
        </Day>
        <Day>
          <Date>2017-01-02T00:00:00+00:00</Date>
          <Energy>48.540</Energy>
          <Price>22.954</Price>
        </Day>
        <Day>
          <Date>2017-01-03T00:00:00+00:00</Date>
          <Energy>98.167</Energy>
          <Price>24.059</Price>
        </Day>
      </Generation>
      <Location>Onshore</Location>
    </WindGenerator>
  </Wind>
  <Gas>
    <GasGenerator>
      <Name>Gas[1]</Name>
      <Generation>
        <Day>
          <Date>2017-01-01T00:00:00+00:00</Date>
          <Energy>259.235</Energy>
          <Price>15.837</Price>
        </Day>
        <Day>
          <Date>2017-01-02T00:00:00+00:00</Date>
          <Energy>235.975</Energy>
          <Price>16.556</Price>
        </Day>
        <Day>
          <Date>2017-01-03T00:00:00+00:00</Date>
          <Energy>240.325</Energy>
          <Price>17.551</Price>
        </Day>
      </Generation>
      <EmissionsRating>0.038</EmissionsRating>
    </GasGenerator>
  </Gas>
  <Coal>
    <CoalGenerator>
      <Name>Coal[1]</Name>
      <Generation>
        <Day>
          <Date>2017-01-01T00:00:00+00:00</Date>
          <Energy>350.487</Energy>
          <Price>10.146</Price>
        </Day>
        <Day>
          <Date>2017-01-02T00:00:00+00:00</Date>
          <Energy>348.611</Energy>
          <Price>11.815</Price>
        </Day>
        <Day>
          <Date>2017-01-03T00:00:00+00:00</Date>
          <Energy>0</Energy>
          <Price>11.815</Price>
        </Day>
      </Generation>
      <TotalHeatInput>11.815</TotalHeatInput>
      <ActualNetGeneration>11.815</ActualNetGeneration>
      <EmissionsRating>0.482</EmissionsRating>
    </CoalGenerator>
  </Coal>
</GenerationReport>